{
    "wg_interface": "wg0", 
    "out_interface": "eth0",
    "ip_address_prefix": "10.1.0", 
    "clients": [
        {
            "public_key": "QbQJqrupZHkueURVoBMSe1Zp0Q9EF0ucPsFAFkzgswE=", 
            "private_key": "YDvmbX1frYqi+8ExMC6cmAE290i3QlE0J/8Rh2z7rlE=", 
            "ip_address": "10.1.0.10", 
            "name": "pikachu"
        }, 
        {
            "public_key": "lEHpT8Jhza+qrwlnDlBkWy12nITkG5+vH3JxTsRJG10=", 
            "private_key": "iHyB7OB8svFEqrs6g41a8KiXF4vdkjyU3AaobNPUXlY=", 
            "ip_address": "10.1.0.11", 
            "name": "bulbasaur"
        }
    ], 
    "next_ip_address_suffix": 12, 
    "server": {
        "public_key": "de6z/GrDX+h3YJra4YFYX8K6u3jA0UNRkNh3lvnCd0Q=", 
        "private_key": "6I4qzSYxDGeaMrXD48q0LqXEUjE9XcpUQAX9oJY6KlM=", 
        "public_address": "wg.example.com", 
        "intranet_ip_ranges": "192.168.100.0/24,192.168.101.0/24", 
        "public_port": 51820, 
        "dns": "8.8.8.8,8.8.4.4", 
        "ip_address": "10.1.0.1"
    }
}
