{
 "name": "pyroute2.nslink",
 "description": "NetNS, NSPopen and remote modules",
 "requires": "pyroute2.core",
 "entry_points": ["remote = pr2modules.remote",
                  "nslink = pr2modules.nslink.nslink",
                  "NetNS = pr2modules.nslink.nslink:NetNS",
                  "NSPopen = pr2modules.nslink.nspopen:NSPopen",
                  "RemoteSocket = pr2modules.remote.transport:RemoteSocket",
                  "RemoteIPRoute = pr2modules.remote:RemoteIPRoute"],
 "scripts": ""
}
