{
    "niv": {
        "branch": "master",
        "description": "Easy dependency management for Nix projects",
        "homepage": "https://github.com/nmattia/niv",
        "owner": "nmattia",
        "repo": "niv",
        "rev": "f73bf8d584148677b01859677a63191c31911eae",
        "sha256": "0jlmrx633jvqrqlyhlzpvdrnim128gc81q5psz2lpp2af8p8q9qs",
        "type": "tarball",
        "url": "https://github.com/nmattia/niv/archive/f73bf8d584148677b01859677a63191c31911eae.tar.gz",
        "url_template": "https://github.com/<owner>/<repo>/archive/<rev>.tar.gz"
    },
    "nixpkgs": {
        "branch": "nixos-20.03",
        "description": "A read-only mirror of NixOS/nixpkgs tracking the released channels. Send issues and PRs to",
        "homepage": "https://github.com/NixOS/nixpkgs",
        "owner": "NixOS",
        "repo": "nixpkgs-channels",
        "rev": "afa9ca61924f05aacfe495a7ad0fd84709d236cc",
        "sha256": "14346241lnfd93mfhxmimn87y3fyyi6a1s5ab2jw79qzk1xhi4dr",
        "type": "tarball",
        "url": "https://github.com/NixOS/nixpkgs-channels/archive/afa9ca61924f05aacfe495a7ad0fd84709d236cc.tar.gz",
        "url_template": "https://github.com/<owner>/<repo>/archive/<rev>.tar.gz"
    },
    "nixpkgs-mozilla": {
        "branch": "master",
        "description": "mozilla related nixpkgs (extends nixos/nixpkgs repo)",
        "homepage": null,
        "owner": "mozilla",
        "repo": "nixpkgs-mozilla",
        "rev": "ab9b53ebbbf9fe803e0fd7718192e7f3ba2c7759",
        "sha256": "1v955b0km375i4ihyl3hgg3l0r3hflbwiyayn6jm0rcqlw9c6fay",
        "type": "tarball",
        "url": "https://github.com/mozilla/nixpkgs-mozilla/archive/ab9b53ebbbf9fe803e0fd7718192e7f3ba2c7759.tar.gz",
        "url_template": "https://github.com/<owner>/<repo>/archive/<rev>.tar.gz"
    }
}
