{
 "name": "pyroute2.core",
 "description": "the core",
 "requires": "",
 "entry_points": [
     "bsd = pr2modules.bsd",
     "netns = pr2modules.netns",
     "config = pr2modules.config",
     "iproute = pr2modules.iproute",
     "common = pr2modules.common",
     "netlink = pr2modules.netlink",
     "iwutil = pr2modules.iwutil",
     "protocols = pr2modules.protocols",
     "IW = pr2modules.iwutil:IW",
     "IPRoute = pr2modules.iproute.linux:IPRoute",
     "RawIPRoute = pr2modules.iproute.linux:RawIPRoute",
     "NetlinkError = pr2modules.netlink.exceptions:NetlinkError",
     "NetlinkDecodeError = pr2modules.netlink.exceptions:NetlinkDecodeError",
     "IPRouteRequest = pr2modules.netlink.rtnl.req:IPRouteRequest",
     "IPLinkRequest = pr2modules.netlink.rtnl.req:IPLinkRequest",
     "IPRSocket = pr2modules.netlink.rtnl.iprsocket:IPRSocket",
     "TaskStats = pr2modules.netlink.taskstats:TaskStats",
     "NL80211 = pr2modules.netlink.nl80211:NL80211",
     "DevlinkSocket = pr2modules.netlink.devlink:DevlinkSocket",
     "AcpiEventSocket = pr2modules.netlink.event.acpi_event:AcpiEventSocket",
     "DQuotSocket = pr2modules.netlink.event.dquot:DQuotSocket",
     "IPQSocket = pr2modules.netlink.ipq:IPQSocket",
     "DiagSocket = pr2modules.netlink.diag:DiagSocket",
     "UeventSocket = pr2modules.netlink.uevent:UeventSocket",
     "GenericNetlinkSocket = pr2modules.netlink.generic:GenericNetlinkSocket",
     "L2tp = pr2modules.netlink.generic.l2tp:L2tp",
     "MPTCP = pr2modules.netlink.generic.mptcp:MPTCP",
     "WireGuard = pr2modules.netlink.generic.wireguard:WireGuard",
     "NFTSocket = pr2modules.netlink.nfnetlink.nftsocket:NFTSocket",
     "NFCTSocket = pr2modules.netlink.nfnetlink.nfctsocket:NFCTSocket"],
 "scripts": "ss2 = pr2modules.netlink.diag.ss2:run [psutil]"
}
